PARAMETER,YEAR,JAN,FEB,MAR,APR,MAY,JUN,JUL,AUG,SEP,OCT,NOV,DEC,ANN
PS,1990,98.69,98.75,98.68,98.36,98.58,98.74,98.79,98.87,98.78,98.69,98.64,98.64,98.69
PS,1991,98.79,98.54,98.41,98.39,98.57,98.73,98.86,98.86,98.84,98.71,98.76,98.86,98.69
PS,1992,98.9,98.83,98.47,98.45,98.54,98.71,98.88,98.9,98.75,98.72,98.76,98.81,98.73
PS,1993,98.97,98.67,98.59,98.37,98.45,98.75,98.81,98.85,98.77,98.67,98.55,98.75,98.69
PS,1994,98.7,98.72,98.46,98.35,98.57,98.74,98.82,98.78,98.78,98.7,98.85,99.01,98.71
PS,1995,98.93,98.84,98.46,98.33,98.53,98.68,98.64,98.74,98.79,98.65,98.78,98.82,98.68
PS,1996,98.62,98.5,98.4,98.34,98.51,98.73,98.85,98.8,98.73,98.73,98.76,98.77,98.65
PS,1997,98.74,98.89,98.55,98.53,98.7,98.71,98.84,98.89,98.78,98.64,98.68,98.87,98.73
PS,1998,98.81,98.83,98.6,98.35,98.59,98.82,98.79,98.75,98.75,98.74,98.68,98.8,98.71
PS,1999,98.67,98.58,98.27,98.41,98.52,98.63,98.78,98.79,98.71,98.72,98.69,98.77,98.63
PS,2000,98.6,98.84,98.49,98.24,98.43,98.74,98.74,98.84,98.71,98.74,98.64,98.86,98.66
PS,2001,98.87,98.72,98.48,98.37,98.54,98.72,98.8,98.92,98.78,98.76,98.75,98.74,98.7
PS,2002,98.91,98.72,98.43,98.22,98.53,98.75,98.87,98.86,98.83,98.72,98.79,98.94,98.71
PS,2003,98.88,98.6,98.54,98.44,98.56,98.74,98.85,98.83,98.86,98.65,98.67,98.82,98.7
PS,2004,98.7,98.73,98.56,98.4,98.63,98.88,98.82,98.87,98.79,98.68,98.65,98.66,98.7
PS,2005,98.81,98.46,98.44,98.37,98.56,98.71,98.87,98.8,98.78,98.75,98.67,98.62,98.66
PS,2006,98.54,98.47,98.49,98.36,98.6,98.7,98.8,98.78,98.82,98.67,98.75,98.92,98.66
PS,2007,98.96,98.67,98.47,98.37,98.54,98.73,98.78,98.74,98.82,98.68,98.64,98.75,98.68
PS,2008,98.85,98.8,98.39,98.33,98.47,98.66,98.81,98.71,98.79,98.74,98.7,98.68,98.66
PS,2009,98.7,98.5,98.39,98.43,98.51,98.73,98.82,98.79,98.86,98.68,98.74,98.8,98.66
PS,2010,98.78,98.58,98.58,98.42,98.55,98.79,98.79,98.78,98.75,98.68,98.6,98.67,98.67
PS,2011,98.69,98.52,98.42,98.36,98.54,98.71,98.76,98.8,98.83,98.6,98.69,98.85,98.65
PS,2012,98.8,98.49,98.57,98.4,98.64,98.8,98.8,98.86,98.87,98.69,98.68,98.78,98.7
PS,2013,98.82,98.59,98.43,98.51,98.62,98.74,98.86,98.79,98.83,98.75,98.58,98.78,98.69
PS,2014,98.74,98.62,98.48,98.48,98.57,98.72,98.89,98.85,98.85,98.75,98.71,98.87,98.71
PS,2015,99,98.62,98.54,98.6,98.58,98.75,98.89,98.83,98.82,98.76,98.81,99.17,98.78
PS,2016,99.02,98.78,98.55,98.44,98.65,98.84,98.82,98.84,98.86,98.68,98.69,98.76,98.75
PS,2017,98.74,98.73,98.48,98.43,98.61,98.75,98.9,98.81,98.82,98.76,98.74,98.8,98.72
PS,2018,98.89,98.52,98.5,98.42,98.56,98.79,98.88,98.86,98.74,98.72,98.72,98.94,98.71
PS,2019,98.86,98.75,98.59,98.45,98.58,98.81,98.82,98.9,98.82,98.69,98.66,98.85,98.73
PS,2020,98.95,98.84,98.54,98.57,98.67,98.77,98.74,98.75,98.78,98.79,98.84,98.78,98.75
PS,2021,98.77,98.75,98.49,98.42,98.53,98.75,98.86,98.84,98.81,98.7,98.68,98.83,98.7
PS,2022,98.92,98.74,98.42,98.38,98.63,98.71,98.79,98.73,98.8,98.79,98.8,98.87,98.72
T2M,1990,25.42,26.4,28.91,33.19,30.58,29.42,27.19,26.23,26.74,27.67,28.18,27.42,28.12
T2M,1991,25.69,30.93,31.48,32.71,29.02,28.63,26.47,25.42,27.08,27.41,25.57,23.47,27.79
T2M,1992,23.03,26.23,31.07,32.12,31.15,29.58,26.92,25.75,26.24,27.85,25.5,23.51,27.4
T2M,1993,22.51,27.62,30.38,32.89,31.71,30,27.15,26.55,26.81,29.19,28.71,25.47,28.24
T2M,1994,25.58,26.64,31.91,33.03,31.12,29.37,27.02,25.36,26.3,26.76,23.9,20.67,27.3
T2M,1995,22.4,25.05,31.37,31.63,30.63,29.79,27.96,26.16,26.67,27.68,25.15,24.94,27.46
T2M,1996,25.57,28.62,31.79,33.38,31.25,28.01,26.81,26.05,26.28,26.3,23.44,23.74,27.6
T2M,1997,24.52,24.18,29.37,31.06,29.3,28.66,27.32,26.66,27.37,29.26,27.8,24.58,27.52
T2M,1998,24.63,28.4,29.68,34.5,30.92,28.8,27.43,26.31,26.58,27.56,26.58,24.36,27.97
T2M,1999,24.85,27.98,32.3,32.98,32.08,30.24,27.41,25.94,26.16,27.12,25.97,23.15,28.01
T2M,2000,26.06,24.97,29.19,33.79,33.63,28.69,26.85,26.61,26.87,27.54,26.73,23.63,27.88
T2M,2001,23.3,25.45,30.7,33.55,31.89,30.57,27.66,26.44,26.4,27.55,26.38,25.48,27.95
T2M,2002,23.94,26.57,31.75,34.57,31.51,30.14,27.69,26.55,26.8,27.31,26.93,24.54,28.19
T2M,2003,24.82,29.43,30.29,32.76,31.99,28.03,26.94,26.12,26.33,27.89,26.77,23.94,27.92
T2M,2004,25.6,26.94,29.42,33.55,30.23,28.03,26.9,26.58,26.55,28.52,27.61,25.8,27.98
T2M,2005,24.05,30.58,32.9,34.08,31.49,28.81,26.94,26.4,27.25,27.43,26.33,25.61,28.47
T2M,2006,27.58,30.01,31.55,32.4,31.06,29.8,28.3,26.08,26.21,27.68,24.82,21.96,28.1
T2M,2007,21.52,26.94,30.35,32.51,30.77,28.06,27.26,25.8,26.6,27.29,26.48,24.14,27.3
T2M,2008,21.79,25.11,30.8,32.32,32.3,30.15,27.1,26.25,26.38,27.07,26.12,25.38,27.56
T2M,2009,26.4,28.91,31.4,33.15,31.83,29.73,27.3,26.27,26.51,27.1,25.3,24.12,28.15
T2M,2010,24.65,29.41,30.8,33.03,30.45,28.5,26.82,26.06,26.02,26.8,26.85,23.34,27.7
T2M,2011,22.65,28.48,30.96,32.24,30.72,29.44,27.77,26.23,26.83,27.95,26.56,23.4,27.76
T2M,2012,24.87,29.04,30.16,32.57,29.73,28.31,26.4,25.83,26.15,27.47,27.19,23.81,27.61
T2M,2013,25.43,28.23,33.14,32.24,31.43,28.96,27.01,26.12,26.87,28.09,28.19,26.17,28.48
T2M,2014,26.48,28.44,31.56,32.87,31.05,30.6,28.93,26.46,26.13,27.98,27.72,25.19,28.61
T2M,2015,23.42,29.26,30.9,32.15,32.55,31.65,28.9,26.3,26.84,28.44,26.13,20.84,28.09
T2M,2016,22.69,26.54,32.79,33.96,33.05,30.15,27.61,26.83,26.68,28.49,27.85,26.66,28.61
T2M,2017,26.77,27.49,31.36,33.67,31.41,28.88,27.23,26.29,26.71,26.64,25.63,24.44,28.04
T2M,2018,22.15,28.6,31.85,33.55,31.83,28.37,26.65,25.94,26.37,27,25.69,22.86,27.55
T2M,2019,24.4,26.86,31.44,33.22,30.12,29.26,27.4,26.09,26.67,26.55,26.9,22.19,27.58
T2M,2020,22.65,25.18,30.89,31.77,31.87,29.23,27.14,26.08,26.13,26.17,24.63,24.5,27.19
T2M,2021,23.88,25.5,30.51,32.87,33.79,29.42,27.79,26.15,26.55,27.91,27.03,23.37,27.9
T2M,2022,23.43,25.74,31.3,33.33,32.26,28.49,27.11,25.92,25.93,26.01,23.76,21.67,27.08
QV2M,1990,7.69,5.31,4.82,13.92,16.42,16.48,16.48,17.46,17.27,15.01,11.6,8.48,12.63
QV2M,1991,5.07,8.36,9.89,13.18,17.4,17.21,17.15,17.46,17.03,15.5,9.46,6.53,12.88
QV2M,1992,4.58,3.54,5.74,13.06,15.62,16.11,16.54,16.97,16.78,14.1,9.09,6.29,11.54
QV2M,1993,4.15,4.94,8.06,10.19,16.54,15.62,16.85,17.09,16.97,14.65,10.38,6.77,11.9
QV2M,1994,5.31,3.66,9.34,12.82,15.69,15.87,16.66,17.46,17.82,17.09,10.31,6.84,12.45
QV2M,1995,5.86,5.31,9.77,14.65,16.17,16.3,16.66,17.82,17.58,16.24,9.83,8.18,12.88
QV2M,1996,5.98,6.9,8.54,12.33,16.05,17.27,16.85,17.4,17.64,15.5,8.54,7.69,12.57
QV2M,1997,5.86,3.91,9.52,13.67,16.54,16.91,17.4,17.58,17.4,16.05,9.52,6.16,12.57
QV2M,1998,4.94,5.25,3.97,13.61,17.76,17.52,17.33,17.88,18.07,16.11,10.44,8.18,12.63
QV2M,1999,6.16,6.35,9.34,11.72,14.34,15.44,16.48,17.15,17.46,15.32,8.85,5.55,12.02
QV2M,2000,6.1,3.6,4.88,10.56,13.24,16.36,16.48,16.85,16.97,14.83,8.61,4.94,11.17
QV2M,2001,3.54,3.05,4.94,12.21,15.44,15.08,16.54,17.58,17.27,13.43,8.06,5.55,11.11
QV2M,2002,3.72,3.17,7.51,12.39,16.05,15.69,17.27,17.58,17.58,14.53,9.03,5.62,11.72
QV2M,2003,4.52,5,5.62,13.73,14.59,17.27,17.27,17.88,17.58,16.66,10.68,6.59,12.33
QV2M,2004,5.74,4.39,5.37,13.61,17.21,17.21,16.91,17.52,17.7,15.2,10.25,5.07,12.21
QV2M,2005,4.09,5.98,8.61,11.72,15.38,17.21,17.64,18.01,18.07,15.32,8.42,6.16,12.27
QV2M,2006,5.86,5.19,5.43,8.24,15.69,16.3,17.15,18.01,17.88,17.21,8.61,5.86,11.84
QV2M,2007,4.58,4.39,5.86,14.65,17.21,17.46,17.09,17.82,17.94,16.6,10.99,7.51,12.7
QV2M,2008,4.88,3.97,6.53,9.7,14.28,15.87,16.78,17.21,17.94,15.38,8.79,7.51,11.6
QV2M,2009,5.86,6.35,6.65,13.12,15.26,16.24,17.4,18.01,18.19,17.64,11.29,7.2,12.82
QV2M,2010,5.07,6.16,7.08,13.18,17.88,17.82,17.33,18.07,17.94,17.94,13,7.2,13.24
QV2M,2011,6.23,9.52,9.83,11.17,16.6,16.54,16.91,17.46,17.33,15.81,7.75,4.76,12.51
QV2M,2012,4.76,5.8,5,13.61,16.54,16.85,17.46,17.52,17.76,17.33,12.33,8.06,12.76
QV2M,2013,7.32,7.39,12.33,14.95,16.05,16.85,17.03,17.27,17.46,13.49,8.06,5.37,12.82
QV2M,2014,4.76,3.78,7.51,13.98,16.11,16.17,16.3,17.46,17.52,15.56,10.19,5.55,12.15
QV2M,2015,3.78,5.68,7.2,6.96,14.47,15.14,16.6,18.13,18.43,17.33,9.64,5.62,11.6
QV2M,2016,4.33,4.15,8.61,14.77,15.44,15.93,17.15,17.58,17.82,14.83,9.95,7.02,12.33
QV2M,2017,4.94,3.23,5,11.41,16.24,17.27,17.58,17.88,18.19,14.22,9.64,8,12.02
QV2M,2018,4.7,7.39,9.28,13,15.99,17.58,17.7,17.76,18.19,17.27,10.86,7.39,13.12
QV2M,2019,5.8,5.62,8.18,12.51,16.97,17.27,17.58,17.58,18.43,18.01,12.15,7.2,13.18
QV2M,2020,6.47,4.94,10.74,15.01,15.93,17.09,17.15,17.82,18.01,16.11,11.96,9.77,13.43
QV2M,2021,7.02,5.49,9.4,11.66,14.71,16.54,16.91,17.88,17.94,16.3,11.6,7.75,12.82
QV2M,2022,5.92,5.19,9.46,13.79,15.32,17.15,17.33,17.82,18.01,16.17,11.05,8.18,13
RH2M,1990,40.38,25.94,19.88,45.19,61,65.25,73.62,81.56,78.62,66.56,50.81,38.5,54.12
RH2M,1991,26.12,30.38,36,44.25,70.12,70.88,79.31,85.25,76.12,69.06,49.62,38.19,56.44
RH2M,1992,27.56,18.06,21.25,45.88,56.5,63.31,74.88,81.62,78.62,62.5,46.69,37.31,51.25
RH2M,1993,25.81,21.94,29.69,33.56,57.69,60.31,75.06,78.69,77.25,60.69,45.56,34.25,50.25
RH2M,1994,26.88,18.56,33.12,42.38,56.88,63.19,75.12,85.69,82.81,77.75,58.12,48.5,56
RH2M,1995,37.38,28.44,35.56,52.44,60.12,63.19,71.19,83.44,80.31,71,52,44.62,56.81
RH2M,1996,32.25,29.62,30.69,39.88,58.25,73.38,76.62,82.06,82.06,72.69,51.25,45.5,56.25
RH2M,1997,32.81,22.31,36.94,50.69,66.25,69.69,76.75,80.25,76.69,65,43.75,34.19,54.81
RH2M,1998,26.06,22.75,15.38,41.25,64.62,71.31,76.19,83.12,82.44,70.69,50.94,45.25,54.38
RH2M,1999,33.56,27.31,32.69,39,50.19,59.12,72.62,81.75,81.88,69.12,44.25,33.5,52.25
RH2M,2000,30.5,19.25,19.56,34.31,43,67.38,75,77.31,77.06,66.5,43.19,29.75,48.62
RH2M,2001,21.62,16.12,19.06,38.94,53.88,56.62,72.31,81.12,80.19,60.38,40.69,29.81,47.75
RH2M,2002,21.25,15.5,27,37.62,57.12,60,74.69,80.69,79.69,65.62,43.25,30.75,49.69
RH2M,2003,24.38,20.5,21.38,46.31,51.38,73.38,77.81,83.88,81.5,72.19,51.25,37.88,53.62
RH2M,2004,29.38,21.19,20.81,43.75,65.5,73.31,76.56,80.12,81.31,64.44,45.69,26.56,52.44
RH2M,2005,22.44,22.31,28.75,36.38,55.06,70.25,79.44,83,79.75,68.19,41.69,32.19,51.81
RH2M,2006,26.94,20.25,19.38,27.88,57.75,63.44,72.25,84.56,83.5,74.62,45.75,38.06,51.44
RH2M,2007,30.69,20.75,21.25,49.75,63.31,74.06,75.94,84.88,81.88,73.88,52.81,41.94,56.12
RH2M,2008,31.12,21.69,24.75,33.06,48.88,61.25,75.38,80.62,82.75,69.69,44.5,39.19,51.19
RH2M,2009,28.62,27.44,24.38,42.81,53.44,64.25,77,83.75,83.44,78.94,56.94,40.94,55.31
RH2M,2010,28.69,24.88,25.38,42.75,66.56,73.81,78.69,85,84.5,81.25,59.81,42.75,58
RH2M,2011,38.56,40.94,37.38,38.38,61.62,65.62,73.44,81.5,78.56,68.62,38.38,28.44,54.38
RH2M,2012,25.19,23.62,19.44,46.44,65.06,70.81,80.75,83.69,83.31,76.06,56.75,45.5,56.44
RH2M,2013,37.44,31.56,40.94,51.25,57.19,68.44,76.69,81.44,79,58.94,36,26.62,53.94
RH2M,2014,22.44,16.31,25.69,46.69,58.94,60.44,66.62,80.56,82.31,67.75,46.44,29.56,50.5
RH2M,2015,22.12,22.94,25.75,23.81,49.38,53.38,67.81,84.06,82.88,72.38,48.12,38.62,49.44
RH2M,2016,27.19,20.12,28.69,46.62,51.19,61.5,74.88,79.5,81.06,63.06,45.56,34,51.19
RH2M,2017,23.94,15.06,17.69,36.81,58.12,70.56,77.81,83.19,82.44,65.44,49,43.5,52.19
RH2M,2018,30.31,30.75,33.5,42.12,56.19,73.44,80.94,84.19,84,77.56,54.44,44.5,57.81
RH2M,2019,32.75,26.56,29.75,41.62,64.5,69,77.12,82.75,83.56,82.5,56.44,45.75,57.88
RH2M,2020,39.06,26.44,40,53.06,56.06,68.19,76.75,83.81,84.25,75.88,63.69,53.25,60.12
RH2M,2021,40.62,29,35.62,38.25,46.75,66,73.12,83.88,82.38,70.31,55.38,46.94,55.88
RH2M,2022,35.06,28,35.31,45.12,52.88,71.75,77.5,84.5,85.31,77.12,62.06,52.81,59.12
WS2M,1990,2.15,2.66,2.8,2.73,2.48,2.23,1.8,1.52,1.35,1.45,1.54,1.64,2.02
WS2M,1991,2.17,1.71,2.02,2.6,2.03,2.02,1.62,1.58,1.34,1.46,1.7,2.23,1.88
WS2M,1992,2.63,3,2.05,2.59,2.67,2.31,1.71,1.66,1.34,1.57,1.89,1.86,2.1
WS2M,1993,2.77,2.41,2.56,2.52,2.71,2.3,1.69,1.39,1.45,1.71,1.65,2.15,2.11
WS2M,1994,2.41,2.59,1.97,2.65,2.33,2.28,2.06,1.7,1.4,1.19,1.73,2.48,2.06
WS2M,1995,2.3,2.48,2.28,2.33,2.43,2.41,1.98,1.52,1.29,1.52,1.88,2.05,2.03
WS2M,1996,1.96,2.03,1.98,2.45,2.63,1.99,1.88,1.6,1.4,1.45,1.84,1.8,1.91
WS2M,1997,2.05,2.98,2.35,2.77,2.18,1.87,1.85,1.38,1.37,1.66,1.7,1.91,2
WS2M,1998,2.51,2.64,2.81,2.41,2.59,2,1.69,1.63,1.27,1.42,1.52,2.01,2.04
WS2M,1999,2.04,2.2,1.97,2.27,1.98,2.07,1.85,1.73,1.18,1.32,1.72,2.32,1.88
WS2M,2000,2.45,3.33,2.7,1.95,2.31,2.05,1.76,1.53,1.5,1.58,1.76,2.02,2.08
WS2M,2001,2.33,2.83,2.05,2.69,2.73,2.42,1.81,1.48,1.38,1.52,1.68,2.13,2.09
WS2M,2002,3.02,2.59,2.01,2.52,2.36,2.32,1.7,1.41,1.33,1.52,1.65,2.34,2.06
WS2M,2003,2.05,2.16,2.53,2.55,2.39,1.81,1.57,1.4,1.22,1.4,1.63,2.05,1.89
WS2M,2004,2.25,2.55,2.59,2.6,2.4,1.93,1.55,1.48,1.24,1.38,1.68,1.95,1.96
WS2M,2005,2.7,2.57,2.05,2.42,2.13,1.99,1.59,1.46,1.2,1.36,1.59,2.02,1.92
WS2M,2006,1.98,2.24,1.9,2.18,2.38,2.16,1.78,1.29,1.27,1.2,1.74,2.09,1.85
WS2M,2007,2.66,2.34,2.41,2.53,2.19,2.19,1.82,1.49,1.2,1.19,1.39,1.84,1.94
WS2M,2008,2.8,2.91,2.12,2.17,2.43,2.16,1.8,1.48,1.18,1.33,1.66,2.02,2
WS2M,2009,1.95,2.08,2.25,2.56,2.37,2.15,1.79,1.26,1.16,1.43,1.66,1.91,1.88
WS2M,2010,2.09,1.99,2.54,2.35,2.39,2.01,1.91,1.45,1.27,1.34,1.2,1.77,1.86
WS2M,2011,2.3,2.07,2.07,2.28,2.3,2.16,1.71,1.45,1.32,1.36,1.59,2.23,1.91
WS2M,2012,2.34,2.17,2.59,2.75,2.39,1.84,1.48,1.39,1.3,1.23,1.5,2.05,1.92
WS2M,2013,2.1,2.13,2.15,2.38,2.29,2.06,1.57,1.38,1.16,1.38,1.68,2.21,1.88
WS2M,2014,2.32,2.88,2.11,2.38,2.18,2.1,1.79,1.5,1.29,1.46,1.63,2.06,1.97
WS2M,2015,2.62,2.27,2.37,2.31,2.47,2.63,1.84,1.32,1.22,1.2,1.76,2.76,2.06
WS2M,2016,2.88,2.53,1.94,2.43,2.8,2.23,1.7,1.34,1.16,1.52,1.71,2.19,2.03
WS2M,2017,2.26,2.98,2.26,2.53,2.67,1.97,1.55,1.43,1.21,1.26,1.59,1.99,1.97
WS2M,2018,2.42,2.12,2.2,2.44,2.72,2.13,1.55,1.48,1.16,1.21,1.51,2.2,1.93
WS2M,2019,2.02,2.26,2.03,2.24,2.41,2.23,1.62,1.59,1.15,1.23,1.38,2.14,1.85
WS2M,2020,2.59,2.88,2.05,2.71,2.77,2.33,1.77,1.9,1.41,1.33,1.96,1.86,2.12
WS2M,2021,2.45,2.66,2.57,2.6,2.77,2.36,2.04,1.42,1.22,1.27,1.57,2.55,2.12
WS2M,2022,2.85,2.66,2.37,2.7,2.4,1.82,1.81,1.58,1.24,1.4,1.73,2.26,2.06
WS10M,1990,3.31,3.9,4.09,3.75,3.51,3.3,2.76,2.42,2.2,2.38,2.44,2.56,3.05
WS10M,1991,3.33,2.55,2.94,3.61,2.9,3.01,2.52,2.52,2.18,2.35,2.85,3.51,2.86
WS10M,1992,3.98,4.39,3,3.62,3.73,3.37,2.64,2.62,2.2,2.55,3.02,3.02,3.17
WS10M,1993,4.17,3.58,3.66,3.56,3.8,3.34,2.61,2.23,2.34,2.69,2.66,3.34,3.16
WS10M,1994,3.61,3.88,2.88,3.69,3.3,3.33,3.16,2.71,2.28,1.95,2.89,3.94,3.12
WS10M,1995,3.56,3.73,3.28,3.3,3.43,3.48,2.98,2.43,2.11,2.46,3.07,3.28,3.09
WS10M,1996,3.13,3.09,2.86,3.4,3.71,2.96,2.88,2.55,2.28,2.38,3.05,2.98,2.94
WS10M,1997,3.22,4.41,3.41,3.84,3.1,2.76,2.84,2.22,2.24,2.59,2.76,3.05,3.02
WS10M,1998,3.82,3.88,4.08,3.38,3.67,2.98,2.62,2.6,2.09,2.34,2.52,3.22,3.09
WS10M,1999,3.15,3.29,2.88,3.21,2.86,3.05,2.83,2.74,1.94,2.12,2.77,3.7,2.88
WS10M,2000,3.69,4.8,3.95,2.77,3.29,3.03,2.7,2.44,2.42,2.57,2.92,3.17,3.14
WS10M,2001,3.57,4.21,3.1,3.73,3.83,3.45,2.76,2.38,2.26,2.47,2.71,3.39,3.15
WS10M,2002,4.48,3.89,2.89,3.48,3.34,3.35,2.61,2.29,2.2,2.48,2.7,3.64,3.11
WS10M,2003,3.2,3.26,3.71,3.49,3.39,2.7,2.44,2.25,2.01,2.32,2.67,3.25,2.89
WS10M,2004,3.43,3.81,3.77,3.55,3.38,2.88,2.4,2.38,2.06,2.25,2.65,3.14,2.97
WS10M,2005,4.06,3.77,2.95,3.36,3.02,2.95,2.47,2.33,2.02,2.2,2.55,3.2,2.91
WS10M,2006,3.05,3.34,2.81,3.17,3.34,3.16,2.72,2.1,2.11,1.98,2.77,3.4,2.83
WS10M,2007,4.08,3.52,3.52,3.51,3.1,3.23,2.79,2.39,1.98,2,2.2,2.92,2.94
WS10M,2008,4.19,4.31,3.15,3.11,3.43,3.12,2.77,2.36,1.95,2.2,2.68,3.2,3.04
WS10M,2009,2.96,3.16,3.29,3.53,3.3,3.13,2.77,2.05,1.96,2.32,2.7,3.04,2.85
WS10M,2010,3.27,2.95,3.66,3.31,3.38,2.98,2.92,2.33,2.09,2.19,1.91,2.77,2.82
WS10M,2011,3.52,3.06,3.05,3.23,3.27,3.14,2.62,2.33,2.19,2.23,2.52,3.52,2.89
WS10M,2012,3.55,3.21,3.78,3.81,3.4,2.73,2.33,2.24,2.12,2.03,2.45,3.28,2.91
WS10M,2013,3.2,3.16,3.05,3.29,3.2,3.02,2.46,2.21,1.91,2.2,2.74,3.4,2.82
WS10M,2014,3.54,4.16,3.05,3.3,3.09,3.05,2.72,2.4,2.11,2.37,2.64,3.22,2.96
WS10M,2015,3.95,3.36,3.45,3.33,3.48,3.72,2.76,2.12,1.99,1.98,2.87,4.23,3.1
WS10M,2016,4.33,3.79,2.81,3.34,3.85,3.2,2.59,2.13,1.93,2.45,2.79,3.38,3.05
WS10M,2017,3.43,4.35,3.32,3.54,3.7,2.88,2.4,2.3,2.02,2.06,2.55,3.13,2.96
WS10M,2018,3.73,3.12,3.17,3.38,3.76,3.13,2.42,2.38,1.91,2.02,2.43,3.46,2.91
WS10M,2019,3.15,3.32,2.95,3.14,3.41,3.22,2.51,2.51,1.9,2.02,2.21,3.4,2.81
WS10M,2020,3.91,4.27,2.98,3.73,3.82,3.34,2.68,2.98,2.3,2.24,3.13,2.98,3.2
WS10M,2021,3.78,3.94,3.67,3.6,3.78,3.38,3.04,2.28,2.03,2.08,2.57,3.85,3.16
WS10M,2022,4.17,3.94,3.39,3.65,3.31,2.69,2.77,2.52,2.04,2.32,2.83,3.57,3.09
T2MDEW,1990,9.31,3.55,1.75,18.38,21.51,21.62,21.66,22.6,22.42,19.99,15.57,10.4,15.79
T2MDEW,1991,3.53,10.07,12.69,17.14,22.43,22.37,22.33,22.6,22.19,20.53,12.63,6.96,16.31
T2MDEW,1992,2.01,-1.27,4.43,17.21,20.72,21.25,21.7,22.15,21.93,18.94,11.6,6.45,13.97
T2MDEW,1993,0.74,2.21,7.89,11.99,21.65,20.73,22.02,22.25,22.12,19.57,13.91,6.85,14.4
T2MDEW,1994,3.51,-1.03,11.65,16.52,20.75,20.99,21.85,22.64,22.92,22.23,13.93,7.9,15.42
T2MDEW,1995,5.56,3.76,12.49,19.19,21.24,21.44,21.77,22.95,22.74,21.3,12.73,10.28,16.36
T2MDEW,1996,5.62,6.67,9.84,16.26,21.08,22.43,22.04,22.54,22.78,20.44,11.28,9.51,15.9
T2MDEW,1997,5.17,-0.31,10.68,18.23,21.71,22.06,22.54,22.73,22.51,21.19,12.19,5.91,15.48
T2MDEW,1998,2.43,3.15,-1.14,17.86,22.83,22.63,22.5,23.03,23.15,21.08,14.27,10.31,15.23
T2MDEW,1999,6.25,5.62,11.7,15.49,19.15,20.51,21.67,22.33,22.62,20.28,11.54,4.75,15.21
T2MDEW,2000,5.87,-1.03,1.27,13.43,17.71,21.49,21.67,22.02,22.14,19.78,10.96,3.14,13.24
T2MDEW,2001,-1.56,-3.27,2.07,15.97,20.41,20.15,21.69,22.72,22.45,17.92,10.16,4.82,12.87
T2MDEW,2002,-0.63,-2.83,8,16.6,21.1,20.82,22.42,22.74,22.71,19.28,11.61,4.36,13.94
T2MDEW,2003,1.33,2.86,3.3,17.91,19.02,22.41,22.45,23,22.69,21.75,14.27,7.21,14.9
T2MDEW,2004,4.75,1.21,2.14,18.01,22.3,22.4,22.06,22.65,22.84,20.15,13.23,3.48,14.62
T2MDEW,2005,0.16,5.27,9.98,14.83,20.44,22.36,22.77,23.1,23.17,20.18,10.73,6.37,15
T2MDEW,2006,5.29,3.38,3.27,8.4,20.73,21.44,22.27,23.11,23.01,22.27,11.08,5.48,14.21
T2MDEW,2007,2.25,0.8,3.26,19.37,22.32,22.57,22.26,22.92,23.05,21.72,15.01,8.94,15.44
T2MDEW,2008,2.69,0.15,5.54,11.32,19.21,20.95,21.98,22.37,23.04,20.24,11.48,8.87,14.03
T2MDEW,2009,5.2,6.14,6.23,17.24,20.3,21.32,22.55,23.14,23.28,22.78,15.12,8.3,16.01
T2MDEW,2010,3.48,5.39,6.26,17.32,22.93,22.94,22.49,23.19,23.04,23.05,17.51,8.55,16.39
T2MDEW,2011,6.34,12.16,12.35,13.78,21.72,21.69,22.08,22.58,22.48,20.73,9.44,2.59,15.68
T2MDEW,2012,2.28,4.42,2.05,18.21,21.62,21.99,22.58,22.69,22.9,22.46,16.76,9.73,15.65
T2MDEW,2013,8.28,7.76,16.57,19.94,21.15,21.98,22.23,22.44,22.63,18.02,10.05,4.31,16.33
T2MDEW,2014,1.62,-0.7,6.93,18.52,21.19,21.31,21.48,22.58,22.67,20.61,13.42,4.69,14.6
T2MDEW,2015,-0.56,3.73,6.66,5.67,19.3,20.26,21.76,23.25,23.51,22.44,12.92,5.01,13.73
T2MDEW,2016,1.27,0.37,9.73,19.63,20.5,21.07,22.31,22.73,22.94,19.67,13.37,8,15.17
T2MDEW,2017,3.1,-2.69,1.7,14.71,21.36,22.4,22.74,23.03,23.28,18.82,12.78,9.98,14.37
T2MDEW,2018,2.29,7.37,11.03,17.44,21.01,22.71,22.86,22.88,23.29,22.32,14.73,8.94,16.44
T2MDEW,2019,5.19,3.73,9.35,16.45,22.06,22.44,22.72,22.73,23.5,23.11,16.55,8.5,16.43
T2MDEW,2020,6.44,2.98,13.37,19.93,21.04,22.22,22.31,22.94,23.09,21.14,16.38,13.19,17.12
T2MDEW,2021,7.89,4.36,11.59,14.87,19.69,21.65,22.1,23.03,23.08,21.33,15.76,9.58,16.31
T2MDEW,2022,5.45,3.6,11.61,18.43,20.31,22.26,22.48,22.95,23.13,21.25,15.14,10.5,16.49
PRECTOTCORR,1990,0,0,0,0,0,5.27,5.27,5.27,5.27,0,0,0,0
PRECTOTCORR,1991,0,0,0,0,5.27,5.27,5.27,5.27,0,0,0,0,0
PRECTOTCORR,1992,0,0,0,0,0,0,5.27,10.55,5.27,0,0,0,0
PRECTOTCORR,1993,0,0,0,0,0,0,5.27,5.27,5.27,0,0,0,0
PRECTOTCORR,1994,0,0,0,0,0,0,5.27,10.55,5.27,0,0,0,0
PRECTOTCORR,1995,0,0,0,0,0,0,5.27,10.55,0,0,0,0,0
PRECTOTCORR,1996,0,0,0,0,5.27,5.27,5.27,5.27,5.27,0,0,0,0
PRECTOTCORR,1997,0,0,0,0,0,5.27,5.27,5.27,5.27,0,0,0,0
PRECTOTCORR,1998,0,0,0,0,5.27,5.27,5.27,5.27,5.27,0,0,0,0
PRECTOTCORR,1999,0,0,0,0,5.27,0,5.27,5.27,5.27,0,0,0,0
PRECTOTCORR,2000,0,0,0,0,0,5.27,5.27,5.27,5.27,0,0,0,0
PRECTOTCORR,2001,0,0,0,0,0,0,5.27,5.27,5.27,0,0,0,0
PRECTOTCORR,2002,0,0,0,0,5.27,0,5.27,5.27,5.27,0,0,0,0
PRECTOTCORR,2003,0,0,0,0,0,5.27,5.27,10.55,5.27,0,0,0,0
PRECTOTCORR,2004,0,0,0,0,5.27,5.27,5.27,5.27,5.27,0,0,0,0
PRECTOTCORR,2005,0,0,0,0,0,5.27,5.27,5.27,5.27,0,0,0,0
PRECTOTCORR,2006,0,0,0,0,0,0,5.27,10.55,5.27,0,0,0,0
PRECTOTCORR,2007,0,0,0,0,5.27,5.27,5.27,10.55,5.27,0,0,0,0
PRECTOTCORR,2008,0,0,0,0,0,5.27,5.27,5.27,5.27,0,0,0,0
PRECTOTCORR,2009,0,0,0,0,0,5.27,5.27,10.55,5.27,0,0,0,0
PRECTOTCORR,2010,0,0,0,0,5.27,5.27,5.27,10.55,5.27,5.27,0,0,5.27
PRECTOTCORR,2011,0,0,0,0,0,0,5.27,5.27,5.27,0,0,0,0
PRECTOTCORR,2012,0,0,0,0,5.27,5.27,5.27,10.55,5.27,0,0,0,0
PRECTOTCORR,2013,0,0,0,0,0,5.27,5.27,5.27,5.27,0,0,0,0
PRECTOTCORR,2014,0,0,0,0,0,0,5.27,5.27,5.27,0,0,0,0
PRECTOTCORR,2015,0,0,0,0,0,0,5.27,5.27,10.55,0,0,0,0
PRECTOTCORR,2016,0,0,0,0,0,0,5.27,5.27,5.27,0,0,0,0
PRECTOTCORR,2017,0,0,0,0,0,5.27,5.27,10.55,5.27,0,0,0,0
PRECTOTCORR,2018,0,0,0,0,0,5.27,5.27,5.27,5.27,0,0,0,0
PRECTOTCORR,2019,0,0,0,0,0,5.27,5.27,10.55,5.27,5.27,0,0,0
PRECTOTCORR,2020,0,0,0,0,0,0,5.27,10.55,5.27,5.27,0,0,5.27
PRECTOTCORR,2021,0,0,0.17,0.08,0.36,2.97,4.65,8.7,5.33,1.22,0,0,1.97
PRECTOTCORR,2022,0,0,0.01,0.19,1.52,6.98,6.64,9.56,8.32,2.26,0,0,2.97
PRECTOTCORR_SUM,1990,0,0,0,15.82,73.83,105.47,147.66,226.76,142.38,0,0,0,711.91
PRECTOTCORR_SUM,1991,0,0,21.09,26.37,179.3,84.38,179.3,200.39,15.82,42.19,0,0,748.83
PRECTOTCORR_SUM,1992,0,0,0,21.09,47.46,52.73,174.02,247.85,121.29,5.27,0,0,669.73
PRECTOTCORR_SUM,1993,0,0,0,15.82,58.01,73.83,195.12,147.66,100.2,15.82,0,0,606.45
PRECTOTCORR_SUM,1994,0,0,10.55,31.64,68.55,63.28,205.66,279.49,174.02,47.46,0,0,880.66
PRECTOTCORR_SUM,1995,0,0,0,73.83,36.91,58.01,126.56,295.31,79.1,21.09,0,0,690.82
PRECTOTCORR_SUM,1996,0,0,0,10.55,94.92,152.93,168.75,221.48,205.66,21.09,0,0,875.39
PRECTOTCORR_SUM,1997,0,0,36.91,15.82,73.83,131.84,147.66,184.57,89.65,26.37,0,0,706.64
PRECTOTCORR_SUM,1998,0,0,0,26.37,147.66,131.84,221.48,237.3,163.48,21.09,0,0,949.22
PRECTOTCORR_SUM,1999,0,5.27,0,15.82,105.47,68.55,116.02,232.03,205.66,52.73,0,0,801.56
PRECTOTCORR_SUM,2000,0,0,0,10.55,47.46,152.93,142.38,137.11,121.29,58.01,0,0,669.73
PRECTOTCORR_SUM,2001,0,0,0,0,47.46,58.01,174.02,200.39,131.84,5.27,0,0,616.99
PRECTOTCORR_SUM,2002,0,0,5.27,5.27,94.92,79.1,179.3,200.39,131.84,21.09,0,0,717.19
PRECTOTCORR_SUM,2003,0,0,15.82,26.37,68.55,142.38,147.66,305.86,105.47,36.91,0,0,849.02
PRECTOTCORR_SUM,2004,0,0,0,10.55,116.02,116.02,142.38,116.02,158.2,5.27,0,0,664.45
PRECTOTCORR_SUM,2005,0,0,5.27,0,42.19,131.84,232.03,184.57,147.66,31.64,0,0,775.2
PRECTOTCORR_SUM,2006,0,0,0,10.55,58.01,58.01,200.39,253.12,195.12,63.28,0,0,838.48
PRECTOTCORR_SUM,2007,0,0,0,21.09,89.65,142.38,179.3,337.5,110.74,5.27,0,0,885.94
PRECTOTCORR_SUM,2008,0,0,0,15.82,15.82,105.47,110.74,242.58,179.3,31.64,0,0,701.37
PRECTOTCORR_SUM,2009,0,0,0,0,5.27,131.84,158.2,258.4,147.66,73.83,0,0,775.2
PRECTOTCORR_SUM,2010,0,0,0,0,105.47,152.93,147.66,263.67,184.57,110.74,0,0,965.04
PRECTOTCORR_SUM,2011,0,0,0,0,58.01,42.19,158.2,226.76,131.84,36.91,0,0,653.91
PRECTOTCORR_SUM,2012,0,0,0,10.55,105.47,137.11,200.39,284.77,137.11,26.37,0,0,901.76
PRECTOTCORR_SUM,2013,0,0,0,15.82,42.19,126.56,105.47,195.12,89.65,31.64,0,0,606.45
PRECTOTCORR_SUM,2014,0,0,0,52.73,58.01,73.83,94.92,216.21,189.84,15.82,0,0,701.37
PRECTOTCORR_SUM,2015,0,0,0,0,36.91,15.82,126.56,232.03,253.12,47.46,0,0,711.91
PRECTOTCORR_SUM,2016,0,0,5.27,26.37,26.37,58.01,137.11,168.75,158.2,10.55,0,0,590.62
PRECTOTCORR_SUM,2017,0,0,0,15.82,42.19,121.29,168.75,284.77,152.93,36.91,0,0,822.66
PRECTOTCORR_SUM,2018,0,0,5.27,0,47.46,152.93,168.75,216.21,158.2,58.01,0,0,806.84
PRECTOTCORR_SUM,2019,0,0,0,15.82,58.01,94.92,174.02,284.77,163.48,89.65,0,0,880.66
PRECTOTCORR_SUM,2020,0,0,52.73,21.09,47.46,58.01,189.84,326.95,189.84,84.38,0,0,970.31
PRECTOTCORR_SUM,2021,0,0,5.27,2.54,11.14,89.18,144.03,269.56,160.04,37.89,0.06,0,719.7
PRECTOTCORR_SUM,2022,0.12,0,0.21,5.56,47.01,209.48,205.79,296.34,249.74,70.09,0,0,1084.34
